"['VVS' 'XTPVSPVTVTXVVV' 'PSXTXVXSTPXTS' ..., 'TTS' 'VXVPS' 'TSTPXSVVVP']"
"[1 0 0 ..., 1 1 0]"
"(array(['XTSSVPXSTV', 'VVXTTVPXSVPSV', 'TPTS', 'TSPSSPVVVX', 'VVS',
       'TTXVPXXVPXXVS', 'TPTS', 'VXSXP', 'VXXXVPXVS', 'VPVXSSXSPTSTTP',
       'VVP', 'TPTXVS', 'SSTPV', 'TTXTTSPXV', 'VXXXVS', 'VXXXXXXXVPS',
       'VXVS', 'TSSPXT', 'TPTS', 'VVPS', 'TTS', 'VTXSS', 'VXXXXVPSTPX',
       'XTS', 'VXVPXVS', 'PXPXSVXTVT', 'VVS', 'TTS', 'TPTS', 'TPTS',
       'VSXVTPPX', 'VVPS', 'VVS', 'VVPS', 'VXVPS', 'PSTX', 'XSVSPSXPTXPS',
       'TTXXXXXVPS', 'VXXSVSSVS', 'TPTXXXXXXXVS', 'VVS', 'SSSTTVSTXSV',
       'XPXVPSVXXTP', 'VSPSVTPXPPVPV', 'VSXTXTSSVTXPST',
       'TPPPPTXVPXVPXXVS', 'VVPXVS', 'PVSXS', 'TPPTS', 'TPTXXVPS', 'VVPS',
       'TPPPTXXVS', 'SPPPP', 'TXSSP', 'VVP', 'SPSSX', 'VXXVS', 'VXVPS',
       'VXXVS', 'SSVTSPTPTPTPSS', 'SXVP', 'TPTXVS', 'PSSVVTSSV', 'TXTP',
       'TTS', 'VVPS', 'PXTXVPXTSTSXS', 'VXXXVS', 'TPPTXXVPXXVPS',
       'TVXVTSVS', 'TPTXVPS', 'TXS', 'TTS', 'SSTXSXV', 'TTPTTXPTS',
       'VPSTSSXSS', 'VXSVTPX', 'PXTVTVPX', 'VVS', 'XVVS', 'TVPVTTVSTPP',
       'VXXXXVPXVPS', 'STTTVSSXTTP', 'VXXVPXXVS', 'TPTXXXXVS',
       'TXVPSVPPTPS', 'SVTXTVPSS', 'XPTX', 'VVS', 'TVPXTS', 'VVS', 'TPTS',
       'PPP', 'VXVS', 'VXSXVXPPVTSVXP', 'PSTPVTVPT', 'TTS', 'XPTXPSPPSXTT',
       'VVS', 'TPTXVS', 'TXVTPPSXSXVT', 'TTXXVPS', 'SVPVVSTTPVVVT', 'VXVS',
       'VPVTTXPSTST', 'VVS', 'TPSXVTXXSPTS', 'TPTS', 'VVSVSS', 'TTXXXVS',
       'TTT', 'VVPXXXVS', 'TPPTXXXVPS', 'VXXVS', 'VXXXPVTXXPSP', 'VVPXVPS',
       'VXXVS', 'VPPVXS', 'VXVS', 'PPPSVTTVXTVSTS', 'TSVXXP', 'PPTS',
       'TPPTXVS', 'SVPTXXXSSPXX', 'VXXXXVS', 'TPPPTS', 'TPPPPTXVS',
       'PVSXVSPVTV', 'PVVTPXVVTSXPV', 'STTX', 'TPPTS', 'VXVS', 'VXVS',
       'PTPXTXSPXP', 'SVVSXT', 'VXVS', 'TTXXVPS', 'TPTS', 'TPPTS',
       'TTXVPXVS', 'XVPTPS', 'TPTXVPXXXXVS', 'XXSVTSSPS', 'TPPPTS',
       'XXTXTSS', 'SSXSPTXPT', 'TSTS', 'XSVTX', 'PSXPST', 'STT', 'VVPS',
       'TPTXXVPS', 'SVX', 'PTPTXXSSVPTXP', 'TXTVSVPP', 'VVPS', 'XXSSXS',
       'XXTVPTVXT', 'VVPXVS', 'TVSSVSTSPPSPS', 'XXPVXT', 'VPXXSX', 'XVTXT',
       'VXXXVS', 'XTXPPVVTT', 'XSSSPSX', 'TTXXVPS', 'TTXPXVTSPSXS',
       'XTXXSXX', 'VTTXVVXTSVVV', 'VVVXPSTPSXS', 'VVS', 'TPTXVPXVS',
       'TVPPVPP', 'VSSPTTXVVV', 'VXXXXVPXVPXXVS', 'PPXXPPPVS',
       'SSVPPPSPTT', 'SXPVSXPX', 'VVS', 'VVPXXXVS', 'VVTTP', 'VXXXXVS',
       'TTS', 'VTPXTT', 'TPTS', 'TPPPTS', 'VXV', 'VXVS', 'VVS', 'TTXXVS',
       'VPTVPTTTVSX', 'VVX', 'TPTS', 'TTS', 'VPPTVSPVSTXTV', 'VTVT',
       'XTPXXSXPV', 'VXXXXXXXVPXVS', 'TTS', 'SXSVSXPVXPXT', 'TTXVS',
       'TPTXVPS', 'PXS', 'VVS', 'XPTPXXS', 'TTVXPXT', 'PXSXTTTVSTS',
       'VVXSTXXPP', 'VXXXVPS', 'PSXVTSSVXPV', 'VVPXXXXVPXXVPS',
       'VXVPXXXXVS', 'VXVS', 'PXX', 'TPTS', 'PXVSVVSPSVSV', 'VVVSTST',
       'VXVPS', 'TSVXPPVSV', 'VPPTPPTVVV', 'VXPPT', 'SSSXVTVXVT', 'VVPS',
       'TTS', 'TVVPVPPXVP', 'VPPXTTSPS', 'TPTXXXVS', 'TTTV', 'XSXPSSTSSSP',
       'TPTS', 'VVPXVS', 'VVPXVPS', 'TVSXSPTSVTV', 'TTXXXXVS', 'TTS',
       'TPPPTXVS', 'VVS', 'SVPVPSVVPPSXP', 'TPPTXVPXXXVPS', 'TPTS',
       'VVPXXXXVS', 'VSSVTXVSX', 'SSXXTSTTT', 'TTVPXVVXPPTPSS', 'PVPSV',
       'VXXVS', 'VVPXXVS', 'VXXSSTS', 'VVPXXVS', 'TPTVXVXVVSTS',
       'TXSTPVTTSVVPVS', 'VVPXVS', 'VVST', 'VXXVS', 'VXVPXXVS', 'VXVS',
       'VVPS', 'TTS', 'VXVS', 'VXVPS', 'TTXVPXVPS', 'TTPSXVXTVVPXTV',
       'TPTXVS', 'XTSXTSVXX', 'VTXXPVVTXSXSX', 'SXTTPSVTVVPVVX',
       'SSSTPVSPS', 'VSVSPPTVVVVSP', 'TVPPVVTXV', 'TPTXXXXVPS', 'VXVS',
       'TVVVPPXS', 'VXXVPS', 'TPTXVS', 'TTXVS', 'VVS', 'STSSX',
       'SPPVVSVVP', 'VXVS', 'VTSVTVVTSXXV', 'VXVPXVS', 'VPXXTSV',
       'SSSVTVXT', 'TPPPTS', 'PVVSSTXTVX', 'TPTS', 'VXVS', 'TPTS', 'TTS',
       'VVS', 'VVS', 'VVS', 'TTXVS', 'VTXTTVSVXSSTX', 'SXVVVPSSTSS',
       'VVPS', 'TTS', 'TPTXVPXXXXVS', 'TTVTTTTPVTT', 'XPVTST',
       'TPPPPPPTXXXXVS', 'TPPPTS', 'TTXVPXXXXXXVPXVS', 'PSXPXTV', 'SSSVT',
       'VSXVXXXVX', 'TSPSXTTTPPXXS', 'TPTS', 'VXVPXXXVPS', 'TPTXXVS',
       'VVS', 'VVS', 'VVS', 'XSXP', 'VXXXXXVS', 'VTXTXSSXSXP', 'VXVPS',
       'SPVXPTXXTSPS', 'TTS', 'STPVT', 'VXPSPXTPVVPPPT', 'TPPPPPTS',
       'SPSPX', 'VVPXVS', 'TTPTVVPXXPSS', 'TXP', 'VVPXVPS', 'VXVS',
       'VXXXXVS', 'TTXVPXVS', 'XVSVP', 'SXPSTXTPSTTSVT', 'PSXVT',
       'TPPPTXXVS', 'TSV', 'TPPTS', 'TPPPTS', 'TPPPTXXXXXVPXVPS',
       'TSTXPPSVPTXT', 'TPPTS', 'PTTXXTPXVVP', 'TSXPVVXPSSXVT', 'VXXSX',
       'XXTSPXPTST', 'TPPTXVPS', 'VVPS', 'XSXVVSXX', 'VVPXVPS', 'TSVX',
       'VXVS', 'VXXTPVVTSPXV', 'VTPPV', 'VTSXS', 'VPTTT', 'TPTS', 'TPTS',
       'PPPVS', 'TTS', 'VXXVS', 'XXTVSVT', 'XSSTSPVTTTPPP', 'VVPXVS',
       'XSPTXXSVXPTT', 'XXPPPPSS', 'VVS', 'SPVXXX', 'PTVX', 'VVS',
       'XSXTSSP', 'TTS', 'XXPSTSXXTVVVX', 'TPTXVS', 'TTS', 'TTXVPS',
       'SVSPVXPX', 'PSSVVTV', 'TPTXXXXVPS', 'XPXPT', 'VVS',
       'VXSTVXTVTPVPXV', 'PXXTV', 'TTXXXXVS', 'TTV', 'XPTSPVPTST',
       'XPVXTTXPXPV', 'SPVSVVP', 'VXVS', 'XTSTXTPSXVTSVP', 'TTXXVPS',
       'VXVS', 'SPVSSTXVPPX', 'STSVPXTTVTS', 'TTS', 'TTXVS', 'XVPPSSTTP',
       'XVTPTX', 'TPPPPPTXVPS', 'PTXVTPVST', 'PPTSPTXVVVTV'], 
      dtype='<U16'), array([0, 0, 1, 0, 1, 1, 1, 0, 1, 0, 0, 1, 0, 0, 1, 1, 1, 0, 1, 1, 1, 0, 0,
       0, 1, 0, 1, 1, 1, 1, 0, 1, 1, 1, 1, 0, 0, 1, 0, 1, 1, 0, 0, 0, 0, 1,
       1, 0, 1, 1, 1, 1, 0, 0, 0, 0, 1, 1, 1, 0, 0, 1, 0, 0, 1, 1, 0, 1, 1,
       0, 1, 0, 1, 0, 0, 0, 0, 0, 1, 0, 0, 1, 0, 1, 1, 0, 0, 0, 1, 0, 1, 1,
       0, 1, 0, 0, 1, 0, 1, 1, 0, 1, 0, 1, 0, 1, 0, 1, 0, 1, 0, 1, 1, 1, 0,
       1, 1, 0, 1, 0, 0, 0, 1, 0, 1, 1, 1, 0, 0, 0, 1, 1, 1, 0, 0, 1, 1, 1,
       1, 1, 0, 1, 0, 1, 0, 0, 0, 0, 0, 0, 1, 1, 0, 0, 0, 1, 0, 0, 1, 0, 0,
       0, 0, 1, 0, 0, 1, 0, 0, 0, 0, 1, 1, 0, 0, 1, 0, 0, 0, 1, 1, 0, 1, 1,
       0, 1, 1, 0, 1, 1, 1, 0, 0, 1, 1, 0, 0, 0, 1, 1, 0, 1, 1, 0, 1, 0, 0,
       0, 0, 1, 0, 1, 1, 1, 0, 1, 0, 0, 1, 0, 0, 0, 0, 1, 1, 0, 0, 1, 0, 0,
       1, 1, 1, 0, 1, 1, 1, 1, 0, 1, 1, 1, 0, 0, 0, 0, 1, 1, 0, 1, 0, 0, 1,
       0, 1, 1, 1, 1, 1, 1, 1, 1, 0, 1, 0, 0, 0, 0, 0, 0, 1, 1, 0, 1, 1, 1,
       1, 0, 0, 1, 0, 1, 0, 0, 1, 0, 1, 1, 1, 1, 1, 1, 1, 1, 0, 0, 1, 1, 1,
       0, 0, 1, 1, 1, 0, 0, 0, 0, 1, 1, 1, 1, 1, 1, 0, 1, 0, 1, 0, 1, 0, 0,
       1, 0, 1, 0, 0, 1, 1, 1, 1, 0, 0, 0, 1, 0, 1, 1, 1, 0, 1, 0, 0, 0, 0,
       1, 1, 0, 1, 0, 1, 0, 0, 0, 0, 1, 1, 0, 1, 1, 0, 0, 1, 0, 0, 1, 0, 0,
       1, 0, 1, 0, 1, 1, 1, 0, 0, 1, 0, 1, 0, 0, 1, 0, 0, 0, 0, 1, 0, 1, 1,
       0, 0, 1, 1, 0, 0, 1, 0, 0]))"
